grp_generate_exp_buffer_fu_705,emit_exp_stream_U0,,status1.csv
grp_generate_exp_buffer_fu_705,cache_exp_stream_U0,,status2.csv
grp_normalize_and_store_fu_720,emit_prob_stream_U0,,status3.csv
grp_normalize_and_store_fu_720,write_prob_stream_U0,,status4.csv
,AESL_inst_softmax_accel,,module_status1.csv
,grp_load_logits_and_find_max_fu_687,,module_status2.csv
grp_load_logits_and_find_max_fu_687,grp_load_logits_and_find_max_Pipeline_load_loop_fu_100,,module_status3.csv
,grp_generate_exp_buffer_fu_705,,module_status4.csv
grp_generate_exp_buffer_fu_705.emit_exp_stream_U0,grp_emit_exp_stream_Pipeline_exp_emit_loop_fu_64,,module_status5.csv
grp_generate_exp_buffer_fu_705.cache_exp_stream_U0,grp_cache_exp_stream_Pipeline_cache_exp_loop_fu_71,,module_status6.csv
,grp_normalize_and_store_fu_720,,module_status7.csv
grp_normalize_and_store_fu_720.emit_prob_stream_U0,grp_emit_prob_stream_Pipeline_prob_emit_loop_fu_64,,module_status8.csv
grp_normalize_and_store_fu_720.write_prob_stream_U0,grp_write_prob_stream_Pipeline_prob_write_loop_fu_158,,module_status9.csv
