grp_prometheus_soc_Pipeline_PROGRAM_LOOP_fu_62.grp_generate_exp_buffer_fu_3181,emit_exp_stream_U0,,status1.csv
grp_prometheus_soc_Pipeline_PROGRAM_LOOP_fu_62.grp_generate_exp_buffer_fu_3181,cache_exp_stream_U0,,status2.csv
grp_prometheus_soc_Pipeline_PROGRAM_LOOP_fu_62.grp_normalize_and_store_fu_3700,emit_prob_stream_U0,,status3.csv
grp_prometheus_soc_Pipeline_PROGRAM_LOOP_fu_62.grp_normalize_and_store_fu_3700,write_prob_stream_U0,,status4.csv
,AESL_inst_prometheus_soc,,module_status1.csv
,grp_prometheus_soc_Pipeline_VITIS_LOOP_48_1_fu_56,,module_status2.csv
,grp_prometheus_soc_Pipeline_PROGRAM_LOOP_fu_62,,module_status3.csv
grp_prometheus_soc_Pipeline_PROGRAM_LOOP_fu_62,grp_load_logits_and_find_max_fu_2917,,module_status4.csv
grp_prometheus_soc_Pipeline_PROGRAM_LOOP_fu_62.grp_load_logits_and_find_max_fu_2917,grp_load_logits_and_find_max_Pipeline_load_loop_fu_568,,module_status5.csv
grp_prometheus_soc_Pipeline_PROGRAM_LOOP_fu_62,grp_generate_exp_buffer_fu_3181,,module_status6.csv
grp_prometheus_soc_Pipeline_PROGRAM_LOOP_fu_62.grp_generate_exp_buffer_fu_3181.emit_exp_stream_U0,grp_emit_exp_stream_Pipeline_exp_emit_loop_fu_2106,,module_status7.csv
grp_prometheus_soc_Pipeline_PROGRAM_LOOP_fu_62.grp_generate_exp_buffer_fu_3181.cache_exp_stream_U0,grp_cache_exp_stream_Pipeline_cache_exp_loop_fu_575,,module_status8.csv
grp_prometheus_soc_Pipeline_PROGRAM_LOOP_fu_62,grp_normalize_and_store_fu_3700,,module_status9.csv
grp_prometheus_soc_Pipeline_PROGRAM_LOOP_fu_62.grp_normalize_and_store_fu_3700.emit_prob_stream_U0,grp_emit_prob_stream_Pipeline_prob_emit_loop_fu_2106,,module_status10.csv
grp_prometheus_soc_Pipeline_PROGRAM_LOOP_fu_62.grp_normalize_and_store_fu_3700.write_prob_stream_U0,grp_write_prob_stream_Pipeline_prob_write_loop_fu_101,,module_status11.csv
